{
  "assembly": [
    "TeamsWebHookCommand.dll"
  ],
  "javascript": [
    "Resources/TeamsWebHookCommand.js"
  ],
  "css": [],
  "serverApiAssembly": [
    "TeamsWebHookCommand.dll"
  ],
  "image": "Resources/Image/PluginLogo.png",
  "description": "Send message to Teams.",
  "description_cn": "发送消息到Teams。",
  "description_ja": "Microsoft Teamsにメッセージを送信します。",
  "description_kr": "Microsoft Teams에 메시지를 보내실 수 있습니다.",
  "name": "SendTeamsMessage",
  "name_cn": "发送Teams消息",
  "name_ja": "Teamsメッセージ送信コマンド",
  "name_kr": "MS Team에 메시지 전송",
  "pluginType": "command",
  "guid": "EF44EF22-2F7C-437C-8981-A28D39514312",
  "version": "6.0.102.0",
  "dependenceVersion": "6.0.100.0",
  "bundleJavaScript": true,
  "bundleCSS": true
}