{
  "assembly": [
    "HtmlRichEditor.dll"
  ],
  "javascript": [
    "Resources/summernote/summernote-lite.js",
    "Resources/summernote/lang/summernote-zh-CN.js",
    "Resources/summernote/lang/summernote-ko-KR.js",
    "Resources/summernote/lang/summernote-ja-JP.js",
    "Resources/HtmlRichEditor.js"
  ],
  "css": [
    "Resources/HtmlRichEditorStyle.css"
  ],
  "image": "Resources/Image.png",
  "description": "Edit the rich value and show as html",
  "description_cn": "复合编辑器，将内容保存成Html格式。",
  "description_kr": "편리한 편집기를 이용하여 각종 서식을 입력하고, HTML 마크업을 쉽게 사용할 수 있습니다.",
  "description_ja": "リッチテキストを編集するセル型です。",
  "name": "HtmlRichEditor",
  "name_cn": "Html编辑器",
  "name_kr": "HTML 웹편집기",
  "name_ja": "リッチテキストエディター型セル",
  "pluginType": "cellType",
  "guid": "6ce61862-5a45-45c0-a57e-9ad2f2794226",
  "version": "7.0.3.0",
  "dependenceVersion": "7.0.0.0",
  "bundleJavaScript": true,
  "bundleCSS": true
}