{
  "assembly": [
    "SetCellLocationCommand.dll"
  ],
  "javascript": [
    "Resources/SetCellLocationCommand.js"
  ],
  "css": [],
  "image": "Resources/PluginLogo.png",
  "description": "This command can set the cell to the specified location.",
  "description_cn": "该命令可以设置单元格到指定位置。",
  "description_ja": "指定した位置にセルを移動します。",
  "description_kr": "지정한 위치로 셀을 이동합니다.",
  "name": "SetCellLocationCommand",
  "name_cn": "设置单元格位置命令",
  "name_ja": "セル位置の設定コマンド",
  "name_kr": "셀 위치 설정",
  "pluginType": "command",
  "guid": "d5d89683-3b5b-4058-8663-bda0b2ee07cf",
  "version": "7.0.102.0",
  "dependenceVersion": "7.0.100.0"
}