﻿{
  "BindUserToOffic365Command_Error_TokenIsNull": {
    "en": "Office365UserToken is null",
    "cn": "关联用户Token为空",
    "ja": "Office365UserToken is null",
    "kr": "사용자 연동 Token이 비어있음"
  },
  "BindUserToOffic365Command_Error_UserNameIsNull": {
    "en": "UserName is null",
    "cn": "用户名为空",
    "ja": "UserName is null",
    "kr": "사용자 이름이 비어있음"
  },
  "BindUserToOffic365Command_Error_UserNameOrPassworkIsInvalide": {
    "en": "User name or password is not corret.",
    "cn": "用户名或密码不正确",
    "ja": "User name or password is not corret.",
    "kr": "사용자 이름 혹은 비밀번호를 잘 못 입력하셨습니다."
  },
  "BindUserToOffic365Command_Error_TokenIsInvalide": {
    "en": "Office365UserToken is invalid or timeout.",
    "cn": "关联用户Token无效或超时.",
    "ja": "Office365UserToken is invalid or timeout.",
    "kr": "사용자 연동 Token이 유효하지 않거나 만료되었습니다."
  },
  "Command_ErrorMessage_OnlySuportFormAuthenticationMode": {
    "en": "Office 365 Single Sign On command only supports Form Authentication mode.",
    "cn": "Office365单点登陆命令只支持普通认证模式。",
    "ja": "Office 365 Single Sign On command only supports Form Authentication mode.",
    "kr": "Office365 싱글사인온 명령은 공통인증모드만 지원합니다."
  }
}
