{
  "assembly": [
    "VideoPlayer.dll"
  ],
  "javascript": [
    "Resources/VideoPlayer.js"
  ],
  "css": [],
  "image": "Resources/PluginLogo.png",
  "description": "VideoPlayerCellType can play the video.",
  "description_ja": "MP4などの動画ファイルを再生するセル型です。",
  "description_cn": "本单元格类型可以进行视频播放。",
  "description_kr": "동영상 파일을 서버에 업로드하고, 웹페이지에서 재생할 수 있습니다.",
  "name": "VideoPlayer",
  "name_ja": "動画ファイルプレイヤー型セル",
  "name_cn": "视频播放",
  "name_kr": "비디오 업로드 및 출력",
  "pluginType": "cellType",
  "guid": "fe96517c-2995-4231-b99f-9bc8eff189b2",
  "version": "7.0.3.0",
  "dependenceVersion": "7.0.0.0",
  "bundleJavaScript": true,
  "bundleCSS": true
}