{
  "assembly": [
    "UserManagementCommands.dll"
  ],
  "javascript": [],
  "css": [],
  "serverApiAssembly": [],
  "image": "Resources/PluginLogo.png",
  "description": "UserManagementCommands.",
  "name": "UserManagementCommands",
  "description_cn": "用户管理命令。",
  "description_ja": "ユーザーやロールなどを追加／削除／編集する各コマンドを提供します",
  "description_kr": "사용자들을 관리할 수 있는 기능들을 지원합니다.",
  "name_cn": "用户管理命令",
  "name_ja": "ユーザー管理コマンド",
  "name_kr": "사용자 관리 기능 지원",
  "pluginType": "command",
  "guid": "D8D93924-7C52-4D20-AE57-7574C7749AE9",
  "version": "9.0.2.0",
  "dependenceVersion": "9.0.2.0",
  "bundleJavaScript": true,
  "bundleCSS": true
}