{
  "assembly": [
    "PassListviewDataCommand.dll"
  ],
  "javascript": [
    "Resources/PassListviewDataCommand.js",
    "Resources/Resource.js"
  ],
  "css": [],
  "image": "Resources/PluginLogo.png",
  "description": "Pass one listview's data to another listview in current page or other page.",
  "description_cn": "将一个表格中的数据添加至同页面或其他页面的另一个表格。",
  "description_ja": "リストビューのデータをほかのリストビューへと受け渡すコマンドです。",
  "description_kr": "한 ListView의 데이터를 현재 페이지 또는 다른 페이지에 있는 다른 ListView에 전달합니다.",
  "name": "PassListviewDataCommand",
  "name_cn": "表格数据传递命令",
  "name_ja": "リストビューデータの受け渡しコマンド",
  "name_kr": "ListView 데이터 전송 명령",
  "pluginType": "command",
  "guid": "2588589e-5517-49f1-a400-42529890f835",
  "version": "7.0.3.0",
  "dependenceVersion": "7.0.0.0",
  "bundleJavaScript": true,
  "bundleCSS": true
}