{
  "assembly": [
    "UserManagementCommands.dll"
  ],
  "javascript": [],
  "css": [],
  "serverApiAssembly": [],
  "image": "Resources\\PluginLogo.png",
  "description": "UserManagementCommands.",
  "name": "UserManagementCommands",
  "description_cn": "用户管理命令。",
  "description_kr": "UserManagementCommands",
  "name_cn": "用户管理命令",
  "name_kr": "UserManagementCommands",
  "pluginType": "command",
  "guid": "D8D93924-7C52-4D20-AE57-7574C7749AE9",
  "version": "6.0.4.0",
  "dependenceVersion": "6.0.0.0"
}