{
  "assembly": [
    "SendWeChatMessage.dll"
  ],
  "javascript": [
    "Resources/SendWeChatMessage.js"
  ],
  "css": [],
  "serverApiAssembly": [
    "SendWeChatMessage.dll"
  ],
  "image": "Resources/PluginLogo.png",
  "description": "This command can send WeChat message.",
  "name": "SendWeChatMessage",
  "description_cn": "该命令可以发送微信消息。",
  "description_kr": "(中國 限定) 위챗 메신저로 메시지를 보낼 수 있습니다. 중국에서만 사용하실 수 있습니다.",
  "name_cn": "发送企业微信消息",
  "name_kr": "위챗 메시지 보내기 (China only)",
  "pluginType": "command",
  "guid": "4306e38b-46e2-4083-8a42-4542849ea9ad",
  "version": "9.0.2.0",
  "dependenceVersion": "9.0.2.0",
  "bundleJavaScript": true,
  "bundleCSS": true
}