{
  "assembly": [
    /*文件名及路径大小写必须严格匹配，否则Linux下提示找不到文件*/
    "SendDingDingMessagePro.dll"
  ],
  "javascript": [
    /*文件名及路径大小写必须严格匹配，否则Linux下提示找不到文件*/],
  "css": [],
  "image": "Resources/PluginLogo.png",
  "description": "发送钉钉文字和卡片消息",
  "name_cn": "发送钉钉消息Pro",
  "name": "SendDingDingMessagePro",
  "pluginType": "command",
  "guid": "3aaae88f-f9c1-4c4b-b298-00e6e96a8950",
  "version": "9.0.2.0",
  "dependenceVersion": "9.0.2.0"
}