﻿{
  "assembly": [
    "SqlServerWrapper.dll"
  ],
  "javascript": [],
  "css": [],
  "image": "Resources/PluginLogo.png",
  "dBDisplayOrder": 0,
  "name": "Microsoft SQL Server",
  "alias": "SqlServer",
  "provider": ".NET Framework Data Provider for SQL Server",
  "providerShort": "SqlClient",
  "providerDesc": "Use this data provider to connect to Microsoft SQL Server 2005 or above.",
  "description": "Use this selection to connect to Microsoft SQL Server using the .NET Framework Data Provider for SQL Server.",
  "name_cn": "Microsoft SQL Server",
  "alias_cn": "SqlServer",
  "provider_cn": "用于SQL Server的.NET Framework数据提供程序",
  "providerShort_cn": "SqlClient",
  "providerDesc_cn": "使用此数据提供程序连接到Microsoft SQL Server 2005或更高版本",
  "description_cn": "使用此选择，通过用于SQL Server的.NET Framework数据提供程序，连接到Microsoft SQL Server。",
  "name_ja": "Microsoft SQL Server",
  "alias_ja": "SqlServer",
  "provider_ja": ".NET Framework SQL Server 用データ プロバイダー",
  "providerShort_ja": "SqlClient",
  "providerDesc_ja": "Microsoft SQL Server に接続するには、このデータ プロバイダーを使用します。",
  "description_ja": ".NET Framework SQL Server 用データ プロバイダーを使用して Microsoft SQL Server に接続するには、この選択を行います。",
  "name_kr": "Microsoft SQL Server",
  "alias_kr": "SqlServer",
  "provider_kr": ".NET Framework Data Provider for SQL Server",
  "providerShort_kr": "SqlClient",
  "providerDesc_kr": "Microsoft SQL Server 2005 이상에 연결하려면 이 데이터 공급자를 사용하십시오.",
  "description_kr": ".NET Framework Data Provider for SQL Server를 사용하여 Microsoft SQL Server 2005 이상에 연결하려면 선택하십시오.",
  "pluginType": "database",
  "guid": "347a1ed5-25f0-4a4b-846c-8d69cedcf33d",
  "version": "10.0.3.0",
  "dependenceVersion": "10.0.3.0"
}