{
  "assembly": [
    "ActiveReportsViewerCommand.dll"
  ],
  "javascript": [
    "Resources/ActiveReportsViewerCommand.js"
  ],
  "css": [],
  "serverApiAssembly": [
    "ActiveReportsViewerCommand.WebApi.dll"
  ],
  "image": "Resources/PluginLogo.png",
  "description": "Export the ActiveReportsJS report in browser.",
  "description_cn": "在浏览器里导出 ActiveReportsJS 报表。",
  "description_kr": "(中國 限定) ActiveReports를 보여줄 수 있는 커맨드입니다. 중국에서만 사용하실 수 있습니다.",
  "name": "ActiveReportsViewerCommand",
  "name_cn": "ActiveReportsJS前端报表命令",
  "name_kr": "ActiveReports 보여주기 (China only)",
  "pluginType": "command",
  "guid": "136d4e65-1df3-4d79-b22a-d475fa70499b",
  "version": "7.0.3.0",
  "dependenceVersion": "7.0.0.0",
  "bundleJavaScript": true,
  "bundleCSS": true
}