{
  "assembly": [
    "EncryptDecryptCommand.dll"
  ],
  "javascript": [],
  "css": [],
  "image": "Resources/PluginLogo.png",
  "description": "Provide series of encryption/decryption algorithm commands",
  "description_cn": "提供一系列加密/解密算法命令",
  "description_kr": "암호화/복호화 할 수 있도록 알고리즘을 사용하는 기능을 제공합니다.",
  "name": "EncryptDecryptCommand",
  "name_cn": "加密解密算法命令",
  "name_kr": "암호화 및 복호화 알고리즘",
  "pluginType": "command",
  "guid": "12F47D1F-5FC6-4669-B385-A5826AB54232",
  "version": "9.0.2.0",
  "dependenceVersion": "9.0.2.0"
}