{
  "assembly": [
    "OpenWeChatCommand.dll"
  ],
  "javascript": [],
  "css": [],
  "serverApiAssembly": [
    "OpenWeChatCommand.dll"
  ],
  "image": "Resources/PluginLogo.png",
  "description": "Scan wechat QRCode to login",
  "name": "Scan wechat QRCode to login",
  "description_cn": "微信扫码登录命令",
  "description_kr": "(中國 限定) 위챗 QR코드 로그인 명령입니다. 중국에서만 사용하실 수 있습니다.",
  "name_cn": "微信扫码登录命令",
  "name_kr": "위챗 QR코드 로그인 (China only)",
  "pluginType": "command",
  "guid": "B6992995-E30F-4A78-A148-FA466D5D9C71",
  "version": "9.0.6.0",
  "dependenceVersion": "9.0.2.0",
  "bundleJavaScript": true,
  "bundleCSS": true
}