{
  "assembly": [
    "FilePreviewer.dll"
  ],
  "javascript": [
    "Resources\\External\\Bootstrap\\bs4.min.js",
    "Resources\\External\\TencentCloud\\cos-js-sdk-v5.min.js",
    "Resources\\Utilities\\Resources.js",
    "Resources\\Utilities\\Utilities.js",
    "Resources\\Event\\Events.js",
    "Resources\\Event\\EventDispatcher.js",
    "Resources\\Model\\FileItem.js",
    "Resources\\Storage\\Base\\StorageService.js",
    "Resources\\Storage\\CloudStorageService.js",
    "Resources\\Storage\\ServerStorageService.js",
    "Resources\\UI\\UserControl\\UserControl.js",
    "Resources\\UI\\ExplorerControl.js",
    "Resources\\UI\\PreviewerControl.js",
    "Resources\\UI\\FPControl.js",
    "Resources\\FilePreviewer.js"
  ],
  "css": [
    "Resources\\Style\\FilePreviewer.css"
  ],
  "image": "Resources\\PluginLogo.png",
  "name": "FilePreviewer",
  "description": "Upload files to a local or cloud server, and preview the files in browser directly.",
  "name_cn": "支持预览的附件上传",
  "description_cn": "上传附件到本地或云服务器，并可在浏览器里直接预览。",
  "description_kr": "파일 업로드 관리자",
  "pluginType": "cellType",
  "guid": "11412201-dab2-422f-9281-5ccbe1c5d172",
  "version": "6.0.4.0",
  "dependenceVersion": "6.0.0.0"
}