{
  "assembly": [
    "Office365LoginCommand.dll"
  ],
  "javascript": [],
  "css": [],
  "serverApiAssembly": [
    "Office365LoginCommand.dll"
  ],
  "image": "Resources/PluginLogo.png",
  "description": "Office365LoginCommand",
  "name": "Office365LoginCommand",
  "description_cn": "Office365 单点登录",
  "description_kr": "Office365에 로그인할 수 있도록 도와주는 명령입니다.",
  "name_cn": "Office365 单点登录",
  "name_kr": "Office365 로그인",
  "pluginType": "command",
  "guid": "2EA5C7D1-B57A-497C-9618-B1A73BC500E5",
  "version": "7.0.102.0",
  "dependenceVersion": "7.0.100.0",
  "bundleJavaScript": true,
  "bundleCSS": true
}