{
  "assembly": [
    "ActiveReportsViewerCommand.dll"
  ],
  "javascript": [
    "Resources/ActiveReportsViewerCommand.js"
  ],
  "css": [],
  "serverApiAssembly": [
    "ActiveReportsViewerCommand.WebApi.dll"
  ],
  "image": "Resources/PluginLogo.png",
  "description": "Display ActiveReportsJS report on the browser.",
  "description_cn": "在浏览器里导出 ActiveReportsJS 报表。",
  "description_kr": "ActiveReports를 보여줄 수 있는 커맨드입니다.",
  "name": "ActiveReportsViewerCommand",
  "name_cn": "ActiveReportsJS前端报表命令",
  "name_kr": "ActiveReports 보여주기",
  "pluginType": "command",
  "guid": "136d4e65-1df3-4d79-b22a-d475fa70499b",
  "version": "9.0.2.0",
  "dependenceVersion": "9.0.2.0",
  "bundleJavaScript": true,
  "bundleCSS": true
}