{
  "assembly": [
    "TraceProcessStatusCommand.dll"
  ],
  "javascript": [],
  "css": [],
  "serverApiAssembly": [],
  "image": "Resources\\Image\\PluginLogo.png",
  "description": "Trace process status info to log.",
  "description_cn": "记录进程信息到日志。",
  "description_ja": "Trace process status info to log.",
  "description_kr": "Trace process status info to log.",
  "name": "TraceProcessStatus",
  "name_cn": "记录进程信息",
  "name_ja": "TraceProcessStatus",
  "name_kr": "TraceProcessStatus",
  "pluginType": "command",
  "guid": "54950513-A69D-4965-8040-80AA8C23F0E8",
  "version": "10.0.2.0",
  "dependenceVersion": "10.0.2.0"
}