{
  "assembly": [
    "SendWeChatMessage.dll"
  ],
  "javascript": [
    "Resources\\SendWeChatMessage.js"
  ],
  "css": [],
  "serverApiAssembly": [
    "SendWeChatMessage.dll"
  ],
  "image": "Resources\\PluginLogo.png",
  "description": "This command can send WeChat message.",
  "name": "SendWeChatMessage",
  "description_cn": "该命令可以发送微信消息。",
  "description_kr": "중국의 국민 메신저인 WeChat 메신저로 메시지를 보낼 수 있습니다.",
  "name_cn": "发送企业微信消息",
  "name_kr": "WeChat 메시지 보내기",
  "pluginType": "command",
  "guid": "4306e38b-46e2-4083-8a42-4542849ea9ad",
  "version": "6.0.4.0",
  "dependenceVersion": "6.0.0.0"
}