﻿{
  "Sleep_Duration_OutOfRange": {
    "en": "The wait duration {0} out of range, the minimum value should be greater than or equal to 0, and the maximum value should be less than or equal to {1}. ",
    "cn": "参数等待时长{0}越界, 最小值应大于等于0, 最大值应小于等于{1}. ",
    "ja": "待機時間「{0}」パラメーターが範囲外の値です。最小値は0以上であり、最大値は{1}以下である必要があります。",
    "kr": "범위를 벗어난 대기 시간({0})입니다. 최소값은 0 이상, 최대값은 {1} 이하여야 합니다."
  }
}
