{
  "assembly": [
    "JsonUtilityCommand.dll"
  ],
  "javascript": [
    "Resources/JsonUtilityCommand.js"
  ],
  "css": [],
  "image": "Resources/PluginLogo.png",
  "description": "Provides JSON serialization and deserialization function.",
  "description_ja": "JSONのシリアライズ、またはデシリアライズを行うコマンドです。",
  "description_cn": "提供JSON序列化和反序列化功能。",
  "description_kr": "JSON 사람이 보기 좋게 직렬화/역직렬화 하는 기능을 제공합니다.",
  "name": "JSON Serialization Deserialization",
  "name_ja": "JSONシリアライズ／デシリアライズ",
  "name_cn": "JSON 序列化和反序列化",
  "name_kr": "JSON 역직렬화",
  "pluginType": "command",
  "guid": "2E13906E-5905-475E-85A9-02E113AFB17C",
  "version": "10.0.2.0",
  "dependenceVersion": "10.0.2.0"
}