{
  "assembly": [
    "JsonDataSource.dll"
  ],
  "javascript": [
    "Resources/Common.js",
    "Resources/Resource.js",
    "Resources/JsonDataSourceCommandBase.js",
    "Resources/SetJsonDataToCellCommand.js",
    "Resources/ImportJsonDataToListviewCommand.js"
  ],
  "css": [],
  "image": "Resources/Image/PluginLogo.png",
  "description": "Set json data to listview or normal cell.",
  "description_cn": "将JSON数据导入到表格中或普通单元格。",
  "description_ja": "JSONデータをリストビュー、または通常のセルに設定するコマンドです。",
  "description_kr": "JSON 데이터 소스를 불러와 ListView 또는 일반 셀에 적용하실 수 있습니다.",
  "name": "JsonDataSource",
  "name_cn": "JSON数据源",
  "name_ja": "JSONデータソースコマンド",
  "name_kr": "JSON 데이터 소스 활용",
  "pluginType": "command",
  "guid": "87665918-3FCA-4ACF-A8C2-AF3AB28326EA",
  "version": "9.0.2.0",
  "dependenceVersion": "9.0.2.0",
  "bundleJavaScript": true,
  "bundleCSS": true
}