<?xml version="1.0"?>
<doc>
    <assembly>
        <name>GrapeCity.Forguncy.Plugin.Design</name>
    </assembly>
    <members>
        <member name="T:GrapeCity.Forguncy.Plugin.IBuilderContextBase">
            <summary>
            <cn>
            设计器上下文信息。
            </cn>
            <ja>
            Forguncy Builderのコンテキスト情報。
            </ja>
            </summary>
        </member>
        <member name="M:GrapeCity.Forguncy.Plugin.IBuilderContextBase.EnumAllListViewInfos(System.String)">
            <summary>
            <cn>
            获取某个页面所有的表格信息。
            </cn>
            <ja>
            ページのすべてのリストビュー情報を取得します。
            </ja>
            </summary>
            <param name="pageName"><cn>页面名，如果为空即表示当前所在页面。</cn><ja>ページ名が空の場合、現在のページを示します。</ja></param>
            <returns><cn>表格集合</cn><ja>リストビュー情報のコレクション</ja></returns>
            <example>
            <code lang="CS">
            public class WorkflowCommandDesigner : CommandDesigner<![CDATA[<WorkflowCommand>]]>
            {
                public string ListViewName { get; set; }
                
                public override EditorSetting GetEditorSetting(PropertyDescriptor property, IBuilderCommandContext builderContext)
                {
                    if(property.Name == "ListViewName")
                    {
                        return new ComboEditorSetting(new <![CDATA[List<string>]]> (builderContext.EnumAllListViewInfos(null).Select(i=>i.ListViewName)));
                    }
                    return base.GetEditorSetting(property, builderContext);
                }
            }
            </code>
            </example>
        </member>
        <member name="M:GrapeCity.Forguncy.Plugin.IBuilderContextBase.EnumAllTableInfos">
            <summary>
            <cn>
            获取所有的数据表信息。
            </cn>
            <ja>
            すべてのテーブル情報を取得します。
            </ja>
            </summary>
            <returns><cn>数据表集合</cn><ja>テーブル情報のコレクション</ja></returns>
            <example>
            <code lang="CS">
            public class WorkflowCommandDesigner : CommandDesigner<![CDATA[<WorkflowCommand>]]>
            {
                public string TableName { get; set; }
                
                public override EditorSetting GetEditorSetting(PropertyDescriptor property, IBuilderCommandContext builderContext)
                {
                    if(property.Name == "TableName")
                    {
                        return new ComboEditorSetting(builderContext.EnumAllTableInfos().Where(t => t.WorkflowInfo != null &amp;&amp; t.WorkflowInfo.IsEnabled).Select(t => t.TableName));
                    }
                    return base.GetEditorSetting(property, builderContext);
                }
            }
            </code>
            </example>
        </member>
        <member name="M:GrapeCity.Forguncy.Plugin.IBuilderContextBase.EnumAllPageInfos">
            <summary>
            <cn>
            获取所有的页面信息。
            </cn>
            <ja>
            すべてのページ情報を取得します。
            </ja>
            </summary>
            <returns><cn>页面集合。</cn><ja>ページ情報のコレクション</ja></returns>
            <example>
            <code lang="CS">
            public class WorkflowCommandDesigner : CommandDesigner<![CDATA[<WorkflowCommand>]]>
            {
                public string NavigatePageName { get; set; }
                
                public override EditorSetting GetEditorSetting(PropertyDescriptor property, IBuilderCommandContext builderContext)
                {
                    if(property.Name == "NavigatePageName")
                    {
                        return new ComboEditorSetting(builderContext.EnumAllPageInfos().Select(p => p.PageName));
                    }
                    return base.GetEditorSetting(property, builderContext);
                }
            }
            </code>
            </example>
        </member>
        <member name="P:GrapeCity.Forguncy.Plugin.IBuilderContextBase.UserServiceInfo">
            <summary>
            <cn>
            获取用户管理网站的信息。
            </cn>
            <ja>
            ユーザー管理サービスに関する情報を取得します。
            </ja>
            </summary>
            <example>
            <code lang="CS">
            public class MyUserSelectorCellTypeDesigner : CellTypeDesigner<![CDATA[<MyUserSelectorCellType>]]>
            {
                public string Role { get; set; }
                
                public override EditorSetting GetEditorSetting(PropertyDescriptor property, IBuilderContext builderContext)
                {
                    if (property.Name == "Role")
                    {
                        return new ComboEditorSetting(builderContext.UserServiceInfo.AllRoles);
                    }
                }
            }
            </code>
            </example>
        </member>
        <member name="P:GrapeCity.Forguncy.Plugin.IBuilderContextBase.LocalServerInfo">
            <summary>
            <cn>
            本地网站应用信息。
            </cn>
            <ja>
            Local web application information.
            </ja>
            </summary>
        </member>
        <member name="P:GrapeCity.Forguncy.Plugin.IBuilderContextBase.PageName">
            <summary>
            <cn>
            获取当前所在页面名称。
            </cn>
            <ja>
            現在のページ名を取得します。
            </ja>
            </summary>
        </member>
        <member name="P:GrapeCity.Forguncy.Plugin.IBuilderContextBase.AuthenticationMode">
            <summary>
            <cn>
            获取当前工程的认证模式。
            </cn>
            <ja>
            現在のプロジェクトの認証モードを取得します。
            </ja>
            </summary>
        </member>
        <member name="M:GrapeCity.Forguncy.Plugin.IBuilderContextBase.GetBrush(System.String)">
            <summary>
            <cn>从颜色字符串获取一个WPF的画笔（Brush）。</cn>
            <ja>色を表す文字列からWPFのBrushオブジェクトを取得します。</ja>
            </summary>
            <param name="colorStr"><cn>颜色字符串</cn><ja>色を表す文字列</ja></param>
            <returns><cn>WPF的画笔</cn><ja>WPFのBrushオブジェクト</ja></returns>
        </member>
        <member name="T:GrapeCity.Forguncy.Plugin.EditorSetting">
            <summary>
            <cn>
            插件内部属性对应的编辑器设置。
            </cn>
            <ja>
            プラグインの内部プロパティに対応するエディタ設定。
            </ja>
            </summary>
            <example>
            <code lang="CS">
            public override EditorSetting GetEditorSetting(PropertyDescriptor property, IBuilderContext builderContext)
            {
                return new ComboEditorSetting(new <![CDATA[List<string>()]]>  { "aaa", "bbb", "ccc"});
            }
            </code>
            </example>
        </member>
        <member name="P:GrapeCity.Forguncy.Plugin.EditorSetting.Visibility">
            <summary>
            <cn>
            属性编辑器是否可见。
            </cn>
            <ja>
            プロパティエディタが表示されるかどうか
            </ja>
            </summary>
        </member>
        <member name="P:GrapeCity.Forguncy.Plugin.EditorSetting.IsEnabled">
            <summary>
            <cn>
            属性编辑器是否可用。
            </cn>
            <ja>
            プロパティエディタが使用可能かどうか
            </ja>
            </summary>
        </member>
        <member name="P:GrapeCity.Forguncy.Plugin.EditorSetting.DefaultCaptionVisibility">
            <summary>
            <cn>
            命令插件中的属性编辑器中的属性名是否显示。
            </cn>
            <ja>
            コマンドプラグインのプロパティエディタでプロパティ名を表示するかどうかを指定します。
            </ja>
            </summary>
        </member>
        <member name="P:GrapeCity.Forguncy.Plugin.EditorSetting.Orientation">
            <summary>
            <cn>
            命令插件中的属性编辑器中属性说明文字和编辑器的排布方向，默认是水平排布。
            </cn>
            <ja>
            コマンドプラグインエディタのプロパティは、テキストとエディタの向きを指定し、既定では水平方向に配置されます。
            </ja>
            </summary>
        </member>
        <member name="E:GrapeCity.Forguncy.Plugin.EditorSetting.PropertyChanged">
            <summary>
            <cn>
            内部使用。
            </cn>
            <ja>
            内部使用
            </ja>
            </summary>
        </member>
        <member name="M:GrapeCity.Forguncy.Plugin.EditorSetting.OnPropertyChanged(System.String)">
            <summary>
            <cn>
            内部使用。
            </cn>
            <ja>
            内部使用
            </ja>
            </summary>
            <param name="propertyName"><cn>属性名。</cn><ja>プロパティ名</ja></param>
        </member>
        <member name="M:GrapeCity.Forguncy.Plugin.EditorSetting.GetDataTemplate">
            <summary>
            <cn>
            属性编辑器对应的数据模板。
            </cn>
            <ja>
            プロパティエディタに対応するデータテンプレート
            </ja>
            </summary>
            <returns><cn>属性编辑器对应的数据模板。</cn><ja>プロパティエディタに対応するデータテンプレート</ja></returns>
        </member>
        <member name="M:GrapeCity.Forguncy.Plugin.EditorSetting.Validate(System.Object)">
            <summary>
            <cn>
            插件内部属性编辑器的校验处理。
            </cn>
            <ja>
            プラグインの内部プロパティエディタの検証
            </ja>
            </summary>
            <param name="propValue"><cn>属性的值。</cn><ja>プロパティの値</ja></param>
            <returns><cn>校验通过返回True，否则返回False。</cn><ja>検証結果をはtrueかfalseで返します。</ja></returns>
        </member>
        <member name="T:GrapeCity.Forguncy.Plugin.BuiltinEditorSetting">
            <summary>
            <cn>
            活字格内置的属性编辑器。
            </cn>
            <ja>
            Forguncyの組み込みプロパティエディタ。
            </ja>
            </summary>
        </member>
        <member name="P:GrapeCity.Forguncy.Plugin.BuiltinEditorSetting.TemplateName">
            <summary>
            <cn>
            内置的数据模板名称。
            </cn>
            <ja>
            組み込みのデータテンプレート名。
            </ja>
            </summary>
        </member>
        <member name="M:GrapeCity.Forguncy.Plugin.BuiltinEditorSetting.GetDataTemplate">
            <summary>
            <cn>
            根据模板名称找到对应的属性编辑器的数据模板。
            </cn>
            <ja>
            テンプレート名に基づいて、対応するプロパティエディタのデータテンプレートを検索します。
            </ja>
            </summary>
            <returns><cn>属性编辑器的数据模板。</cn><ja>プロパティエディタのデータテンプレート。</ja></returns>
            <example>
            <para><cn>自定义属性编辑器的数据模板。</cn><ja>カスタムプロパティエディタのデータテンプレート。</ja></para>
            <code lang="CS">
            public class PassValueItemsEditorSetting : BuiltinEditorSetting
            {
                public override DataTemplate GetDataTemplate()
                {
                    var myResourceDictionary = new ResourceDictionary()
                    {
                        Source = new Uri("/PassListviewDataCommand;component/Control/Dictionary1.xaml", UriKind.RelativeOrAbsolute)
                    };
                    return myResourceDictionary["passValueItemsEditor"] as DataTemplate;
                }
            }
            </code>
            </example>
        </member>
        <member name="T:GrapeCity.Forguncy.Plugin.TextEditorSetting">
            <summary>
            <cn>
            文本类型的属性对应的编辑器，如[水印]属性。
            </cn>
            <ja>
            ［透かし文字］プロパティなどの文字列型のプロパティに対応するエディタ。
            </ja>
            </summary>
            <example>
            <code lang="CS">
            public override EditorSetting GetEditorSetting(PropertyDescriptor property, IBuilderContext builderContext)
            {
                return new TextEditorSetting();
            }
            </code>
            </example>
        </member>
        <member name="P:GrapeCity.Forguncy.Plugin.TextEditorSetting.TemplateName">
            <summary>
            <cn>
            内置的文本编辑器的模板名称。
            </cn>
            <ja>
            組み込みのテキストエディタのテンプレート名。
            </ja>
            </summary>
        </member>
        <member name="T:GrapeCity.Forguncy.Plugin.CheckBoxEidtorSetting">
            <summary>
            <cn>
            是/否类型的属性对应的编辑器，如[只读]属性。
            </cn>
            <ja>
            ［読み取り専用］プロパティなどのYes/No型のプロパティに対応するエディタ
            </ja>
            </summary>
        </member>
        <member name="M:GrapeCity.Forguncy.Plugin.CheckBoxEidtorSetting.#ctor">
            <summary>
            <cn>
            构造函数。
            </cn>
            <ja>
            コンストラクタ
            </ja>
            </summary>
        </member>
        <member name="P:GrapeCity.Forguncy.Plugin.CheckBoxEidtorSetting.TemplateName">
            <summary>
            <cn>
            内置的是/否类型属性编辑器的模板名称。
            </cn>
            <ja>
            ビルトインのYes/No型プロパティエディタテンプレート名
            </ja>
            </summary>
        </member>
        <member name="P:GrapeCity.Forguncy.Plugin.CheckBoxEidtorSetting.DefaultMargin">
            <summary>
            
            </summary>
        </member>
        <member name="P:GrapeCity.Forguncy.Plugin.CheckBoxEidtorSetting.DefaultCaptionVisibility">
            <summary>
            <cn>
            内置的是否类型属性编辑器的标题默认不显示。
            </cn>
            <ja>
            ビルトイン型プロパティエディターのタイトルは、既定では表示されません。
            </ja>
            </summary>
        </member>
        <member name="T:GrapeCity.Forguncy.Plugin.OrientationEidtorSetting">
            <summary>
            <cn>
            排列方向类型的属性对应的编辑器，如单选按钮使用的[布局]属性。
            </cn>
            <ja>
            ラジオグループ型セルの［レイアウト］プロパティなど、配置方向のプロパティで使用するエディタです。
            </ja>
            </summary>
        </member>
        <member name="P:GrapeCity.Forguncy.Plugin.OrientationEidtorSetting.TemplateName">
            <summary>
            <cn>
            内置的排序方向类型的属性编辑器对应的模板名称。
            </cn>
            <ja>
            ビルトインの配置方向のプロパティエディタに対応するテンプレート名
            </ja>
            </summary>
        </member>
        <member name="T:GrapeCity.Forguncy.Plugin.DoubleEditorSetting">
            <summary>
            <cn>
            小数类型的属性对应的编辑器，如地图插件使用的[经度]或[纬度]属性。
            </cn>
            <ja>
            地図プラグイン（日本語版未提供）で使用されている［経度］や［緯度］プロパティなどの小数型のプロパティに対応するエディタ
            </ja>
            </summary>
        </member>
        <member name="P:GrapeCity.Forguncy.Plugin.DoubleEditorSetting.TemplateName">
            <summary>
            <cn>
            内置的小数类型的属性编辑器对应的模板名称。
            </cn>
            <ja>
            ビルトインの小数型プロパティエディタに対応するテンプレート名
            </ja>
            </summary>
        </member>
        <member name="T:GrapeCity.Forguncy.Plugin.IntEditorSetting">
            <summary>
            <cn>
            整数类型的属性对应的编辑器，如单选按钮使用的[项目间距]属性。
            </cn>
            <ja>
            ラジオグループ型セルで使用される［項目間のマージン］プロパティなど、整数型のプロパティのエディタ。
            </ja>
            </summary>
        </member>
        <member name="P:GrapeCity.Forguncy.Plugin.IntEditorSetting.TemplateName">
            <summary>
            <cn>
            内置的整数类型的属性编辑器对应的模板名称。
            </cn>
            <ja>
            ビルトインの整数型プロパティエディタに対応するテンプレート名。
            </ja>
            </summary>
        </member>
        <member name="M:GrapeCity.Forguncy.Plugin.IntEditorSetting.#ctor">
            <summary>
            <cn>
            构造函数。
            </cn>
            <ja>
            コンストラクタ。
            </ja>
            </summary>
        </member>
        <member name="M:GrapeCity.Forguncy.Plugin.IntEditorSetting.#ctor(System.Int32,System.Int32)">
            <summary>
            <cn>
            构造函数，指定了最小值和最大值的整数类型的编辑器。
            </cn>
            <ja>
            整数型プロパティエディタの最小値および最大値を指定するコンストラクタ。
            </ja>
            </summary>
            <param name="min"></param>
            <param name="max"></param>
        </member>
        <member name="P:GrapeCity.Forguncy.Plugin.IntEditorSetting.Min">
            <summary>
            <cn>
            整数类型的属性编辑器的最小值。
            </cn>
            <ja>
            整数型のプロパティエディタの最小値。
            </ja>
            </summary>
        </member>
        <member name="P:GrapeCity.Forguncy.Plugin.IntEditorSetting.Max">
            <summary>
            <cn>
            整数类型的属性编辑器的最大值。
            </cn>
            <ja>
            整数型のプロパティエディタの最大値。
            </ja>
            </summary>
        </member>
        <member name="T:GrapeCity.Forguncy.Plugin.ColorSelectorEditorSetting">
            <summary>
            <cn>
            颜色类型的属性对应的编辑器，如[颜色]属性。
            </cn>
            <ja>
            色情報のプロパティは、［Color］などのプロパティエディタに対応しています。
            </ja>
            </summary>
        </member>
        <member name="M:GrapeCity.Forguncy.Plugin.ColorSelectorEditorSetting.#ctor">
            <summary>
            <cn>
            构造函数。
            </cn>
            <ja>
            コンストラクタ
            </ja>
            </summary>
        </member>
        <member name="P:GrapeCity.Forguncy.Plugin.ColorSelectorEditorSetting.TemplateName">
            <summary>
            <cn>
            内置颜色对象编辑器对应的模板名称。
            </cn>
            <ja>
            組み込みのカラーオブジェクトエディタに対応するテンプレート名。
            </ja>
            </summary>
        </member>
        <member name="T:GrapeCity.Forguncy.Plugin.FormulaSelectorEditorSetting">
            <summary>
            <cn>
            公式类型的属性对应的编辑器，如[缺省值]属性。
            </cn>
            <ja>
            ［既定値］プロパティなど、数式タイプのプロパティエディタです。
            </ja>
            </summary>
        </member>
        <member name="M:GrapeCity.Forguncy.Plugin.FormulaSelectorEditorSetting.#ctor(System.Boolean)">
            <summary>
            <cn>
            构造函数。
            </cn>
            <ja>
            コンストラクタ。
            </ja>
            </summary>
            <param name="onlySupportCell"><cn>是否只能选择单元格。</cn><ja>セルのみを選択するかどうかを指定します。</ja></param>
        </member>
        <member name="P:GrapeCity.Forguncy.Plugin.FormulaSelectorEditorSetting.OnlySupportCell">
            <summary>
            <cn>
            是否只能选择单元格，不支持单元格区域或者函数。
            </cn>
            <ja>
            セルのみを選択できるかどうか、セル範囲がないか、関数がサポートされているかどうか。
            </ja>
            </summary>
        </member>
        <member name="P:GrapeCity.Forguncy.Plugin.FormulaSelectorEditorSetting.ShowSheetName">
            <summary>
            <cn>
            显示公式对象所在的页面名称如=Page1!A1或者不显示页面名称如=A1。
            </cn>
            <ja>
            数式オブジェクトが配置されているページの名を表示します。「= Page1！A1」または「=A1」のようなページ名は表示されません。
            </ja>
            </summary>
        </member>
        <member name="P:GrapeCity.Forguncy.Plugin.FormulaSelectorEditorSetting.TemplateName">
            <summary>
            <cn>
            内置公式对象编辑器对应的模板名称。
            </cn>
            <ja>
            ビルトインオブジェクトエディタに対応するテンプレートの名前。
            </ja>
            </summary>
        </member>
        <member name="T:GrapeCity.Forguncy.Plugin.HyperlinkEditorSetting">
            <summary>
            <cn>
            超链接编辑器，如果一个属性比较复杂，需要单独提供一个对话框去设置属性内部的值的时候会用到这个编辑器，如[编辑菜单项目...]属性。
            </cn>
            <ja>
            ハイパーリンクエディタでは、プロパティがより複雑な場合は、［メニュー項目...］プロパティなどのプロパティの値を設定する別のダイアログを用意する必要があります。
            </ja>
            </summary>
        </member>
        <member name="P:GrapeCity.Forguncy.Plugin.HyperlinkEditorSetting.DefaultCaptionVisibility">
            <summary>
            <cn>
            内置的超链接编辑器的标题默认不显示。
            </cn>
            <ja>
            ビルトインのハイパーリンクエディタのタイトルは、既定では表示されません。
            </ja>
            </summary>
        </member>
        <member name="M:GrapeCity.Forguncy.Plugin.HyperlinkEditorSetting.#ctor(System.Windows.Input.ICommand)">
            <summary>
            <cn>
            构造函数。
            </cn>
            <ja>
            コンストラクタ。
            </ja>
            </summary>
            <param name="command"><cn>点击超链接要执行的命令。</cn><ja>コマンドを実行するには、ハイパーリンクをクリックします。</ja></param>
        </member>
        <member name="P:GrapeCity.Forguncy.Plugin.HyperlinkEditorSetting.Command">
            <summary>
            <cn>
            点击超链接要执行的命令。
            </cn>
            <ja>
            コマンドを実行するには、ハイパーリンクをクリックします。
            </ja>
            </summary>
        </member>
        <member name="P:GrapeCity.Forguncy.Plugin.HyperlinkEditorSetting.FontSize">
            <summary>
            Internal use
            </summary>
        </member>
        <member name="P:GrapeCity.Forguncy.Plugin.HyperlinkEditorSetting.TemplateName">
            <summary>
            <cn>
            内置的超链接属性编辑器对应的模板名称。
            </cn>
            <ja>
            ビルトインハイパーリンクプロパティエディタに対応するテンプレート名。
            </ja>
            </summary>
        </member>
        <member name="T:GrapeCity.Forguncy.Plugin.ImageEditorSetting">
            <summary>
            <cn>
            图片编辑器。如图片类型使用的[选择图片...]属性。
            </cn>
            <ja>
            画像エディタ。画像型として［画像の選択...］プロパティを使用します。
            </ja>
            </summary>
        </member>
        <member name="P:GrapeCity.Forguncy.Plugin.ImageEditorSetting.TemplateName">
            <summary>
            <cn>
            内置图片选择器对应的模板名称。
            </cn>
            <ja>
            組み込み画像セレクタに対応するテンプレート名。
            </ja>
            </summary>
        </member>
        <member name="T:GrapeCity.Forguncy.Plugin.TableComboTreeSelectorEditorSetting">
            <summary>
            <cn>
            数据表选择器。如数据导航按钮中使用的[导航表]属性。
            </cn>
            <ja>
            テーブルセレクタ。ナビゲーションテーブルプロパティなどのデータナビゲーションボタンで使用されます。
            </ja>
            </summary>
        </member>
        <member name="P:GrapeCity.Forguncy.Plugin.TableComboTreeSelectorEditorSetting.TemplateName">
            <summary>
            <cn>
            内建数据表选择器对应的模板名称。
            </cn>
            <ja>
            ビルトインのデータテーブルセレクタに対応するテンプレート名。
            </ja>
            </summary>
        </member>
        <member name="T:GrapeCity.Forguncy.Plugin.TimeValueEditorSetting">
            <summary>
            <cn>
            时间类型编辑器。如时间单元类型使用的[下拉框开始时间]属性。
            </cn>
            <ja>
            時刻型エディタ。［ドロップダウンボックスの開始時刻］プロパティなどの時間単位の値に使用されます。
            </ja>
            </summary>
        </member>
        <member name="P:GrapeCity.Forguncy.Plugin.TimeValueEditorSetting.TemplateName">
            <summary>
            <cn>
            内置时间类型属性编辑器对应的模板名称。
            </cn>
            <ja>
            ビルトインの時刻型プロパティエディタに対応するテンプレート名。
            </ja>
            </summary>
        </member>
        <member name="T:GrapeCity.Forguncy.Plugin.ComboEditorSetting">
            <summary>
            <cn>
            组合框。如菜单中使用的[主题]属性。
            </cn>
            <ja>
            コンボボックス。メニューに使用されている［カラーテーマ］プロパティなど。
            </ja>
            </summary>
        </member>
        <member name="M:GrapeCity.Forguncy.Plugin.ComboEditorSetting.#ctor(System.Object,System.String,System.String)">
            <summary>
            <cn>
            构造函数。
            </cn>
            <ja>
            コンストラクタ
            </ja>
            </summary>
            <param name="source"><cn>下拉项目集合。</cn><ja>ドロップダウンリストのコレクション</ja></param>
            <param name="displayMember"><cn>下拉项目文本属性。</cn><ja>ドロップダウン項目の表示テキストプロパティ</ja></param>
            <param name="valueMember"><cn>下拉项目值属性。</cn><ja>ドロップダウン項目の値のプロパティ</ja></param>
        </member>
        <member name="P:GrapeCity.Forguncy.Plugin.ComboEditorSetting.Source">
            <summary>
            <cn>
            下拉项目集合。
            </cn>
            <ja>
            ドロップダウンリストのコレクション
            </ja>
            </summary>
        </member>
        <member name="P:GrapeCity.Forguncy.Plugin.ComboEditorSetting.DisplayMember">
            <summary>
            <cn>
            下拉项目文本属性。
            </cn>
            <ja>
            ドロップダウン項目の表示テキストプロパティ
            </ja>
            </summary>
        </member>
        <member name="P:GrapeCity.Forguncy.Plugin.ComboEditorSetting.ValueMember">
            <summary>
            <cn>
            下拉项目值属性。
            </cn>
            <ja>
            ドロップダウン項目の値のプロパティ
            </ja>
            </summary>
        </member>
        <member name="P:GrapeCity.Forguncy.Plugin.ComboEditorSetting.TemplateName">
            <summary>
            <cn>
            内置组合框对应的模板名称。
            </cn>
            <ja>
            ビルトインのコンボボックスに対応するテンプレート名
            </ja>
            </summary>
        </member>
        <member name="T:GrapeCity.Forguncy.Plugin.EnumValueEditorSetting">
            <summary>
            <cn>
            枚举类型编辑器。如菜单中使用的[主题]属性。
            </cn>
            <ja>
            列挙型エディタ。 メニューに使用されている［カラーテーマ］プロパティなど。
            </ja>
            </summary>
        </member>
        <member name="M:GrapeCity.Forguncy.Plugin.EnumValueEditorSetting.#ctor(System.Type)">
            <summary>
            <cn>
            构造函数。
            </cn>
            <ja>
            コンストラクタ
            </ja>
            </summary>
            <param name="enumType"><cn>枚举类型。</cn><ja>列挙型</ja></param>
        </member>
        <member name="T:GrapeCity.Forguncy.Plugin.IEditorSettingsDataContext">
            <summary>
            <cn>
            属性编辑器上下文信息。
            </cn>
            <ja>
            property editor context information.。
            </ja>
            </summary>
        </member>
        <member name="P:GrapeCity.Forguncy.Plugin.IEditorSettingsDataContext.Value">
            <summary>
            <cn>
            属性的值。
            </cn>
            <ja>
            プロパティの値。
            </ja>
            </summary>
            <example>
            <code lang="CS">
            <ResourceDictionary xmlns="http://schemas.microsoft.com/winfx/2006/xaml/presentation"
                                xmlns:x="http://schemas.microsoft.com/winfx/2006/xaml"
                                xmlns:local="clr-namespace:PassListviewDataCommand">
                <DataTemplate x:Key="TextPropertyTemplate">
                    <TextBox Text = "{Binding Value, Mode=TwoWay}" />
                </DataTemplate >
            </ResourceDictionary>
            </code>
            </example>
        </member>
        <member name="P:GrapeCity.Forguncy.Plugin.IEditorSettingsDataContext.EditorSetting">
            <summary>
            <cn>
            属性编辑器。
            </cn>
            <ja>
            プロパティエディタ。
            </ja>
            </summary>
        </member>
    </members>
</doc>
