﻿{
  "assembly": [
    "Vant.dll"
  ],
  "javascript": [
    "Resources/vant@3.4.9.min.js",
    "Resources/dist.js"
  ],
  "css": [
    "Resources/vant@3.4.9.min.css",
    "Resources/customUI.css"
  ],
  "image": "Resources/images/VantUI.png",
  "description": "Vant Components",
  "description_ja": "",
  "description_cn": "Vant 组件。",
  "description_kr": "",
  "name": "Vant",
  "name_ja": "",
  "name_cn": "手机组件包-Vant",
  "name_kr": "",
  "pluginType": "cellType,command",
  "guid": "EB88A8AF-2A9D-494A-95B3-CCF8DA6F5BAC",
  "version": "9.0.3.0",
  "dependenceVersion": "9.0.2.0",
  "bundleJavaScript": false,
  "bundleCSS": false
}