{
  "assembly": [
    "PostDataToWebApi.dll"
  ],
  "javascript": [
    "Resources\\PostDataToWebApi.js"
  ],
  "css": [],
  "image": "Resources\\PluginLogo.png",
  "description": "Support to post json-format data to remote web API.",
  "description_cn": "支持向远程WEB API发送JSON格式的数据。",
  "description_ja": "Support to post json-format data to remote web API.",
  "description_kr": "Support to post json-format data to remote web API.",
  "name": "PostDataToWebApi",
  "name_cn": "POST数据",
  "name_ja": "PostDataToWebApi",
  "name_kr": "PostDataToWebApi",
  "pluginType": "command",
  "guid": "86854cea-798d-4240-ab8f-d36031f48249",
  "version": "6.0.4.0",
  "dependenceVersion": "6.0.0.0"
}