{
  "assembly": [
    "Forguncy.CustomMenu.dll"
  ],
  "javascript": [
    "Resources\\Utils\\MenuStyleUtils.js",
    "Resources\\MenuCellTypeBase.js",
    "Resources\\ForguncyMenuCellType.js",
    "Resources\\ForguncyTreeCellType.js",
    "Resources\\ForguncyMobileMenuCellType.js",
    "Resources\\ForguncyIconMenuCellType.js",
    "Resources\\zTree\\jquery.ztree.core.js"
  ],
  "css": [
    "Resources\\forguncyPluginCustomMenuStyle.css",
    "Resources\\zTree\\forguncyPluginZTreeStyle.css"
  ],
  "image": "Resources\\Images\\Image.png",
  "description": "Custom MenuCellType and TreeCellType.",
  "name": "ForguncyCustomCellType",
  "description_ja": "メニューとツリービューが表示できるセル型です。",
  "name_ja": "メニュー／ツリービュー型セル",
  "name_kr": "ForguncyCustomCellType",
  "description_cn": "自定义菜单类型和树类型。",
  "description_kr": "사용자 정의 셀 - 트리 메뉴.",
  "name_cn": "自定义菜单类型和树类型",
  "pluginType": "cellType",
  "guid": "48d899dd-63ce-48c2-83d4-2fb281905171",
  "version": "6.0.4.0",
  "dependenceVersion": "6.0.0.0"
}