{
  "assembly": [
    "WechatPay.dll"
  ],
  "javascript": [
    "Resources/WechatJSAPIPay.js"
  ],
  "css": [],
  "serverApiAssembly": [
    "WechatPay.dll"
  ],
  "image": "Resources/PluginLogo.png",
  "description": "WechatPay",
  "name": "WechatPay",
  "description_cn": "微信支付",
  "description_kr": "(中國 限定) 위챗 페이를 사용할 수 있습니다. 중국에서만 사용하실 수 있습니다.",
  "name_cn": "微信支付",
  "name_kr": "위챗 페이 (China only)",
  "pluginType": "command",
  "guid": "688D0BA2-4296-4C08-A82A-ED485DCB00A8",
  "version": "9.0.2.0",
  "dependenceVersion": "9.0.2.0",
  "bundleJavaScript": true,
  "bundleCSS": true
}