{
  "assembly": [
    "CarouselCellType.dll"
  ],
  "javascript": [
    "Resources\\bootstrap\\bootstrap.min.js",
    "Resources\\CarouselCellType.js"
  ],
  "css": [
    "Resources\\style\\carousel.min.css"
  ],
  "image": "Resources\\PluginLogo.png",
  "description": "CarouselCellType can switch images one by one.",
  "description_cn": "本单元格类型可以进行图片的轮转切换。",
  "description_ja": "複数の画像を切り替えて表示するセル型です。",
  "description_kr": "CarouselCellType을 통해 이미지를 하나씩 전환할 수 있습니다.",
  "name_ja": "カルーセル型セル",
  "name": "CarouselCellType",
  "name_cn": "图片轮转",
  "name_kr": "CarouselCellType",
  "pluginType": "cellType",
  "guid": "289c426a-b02f-4d0a-80ed-59e624674d0b",
  "version": "6.0.4.0",
  "dependenceVersion": "6.0.0.0"
}