﻿{
  "assembly": [
    "ElementUI.dll"
  ],
  "javascript": [
    "Resources/element-plus@2.4.4.js",
    "Resources/isoWeek.js",
    "Resources/dist.js",
    "Resources/bignumber.min.js"
  ],
  "css": [
    "Resources/element-plus@2.4.4.css",
    "Resources/customUI.css"
  ],
  "image": "Resources/images/ElementUI.png",
  "description": "ElementUI Components",
  "description_ja": "ElementUIを使用した、いくつかのUI部品（セル型、コマンド）を提供します。",
  "description_cn": "ElementUI 组件。",
  "description_kr": "웹에서 사용할 수 있는 다양한 예쁜 UI와 기능을 제공하는 패키지입니다.",
  "name": "ElementUI",
  "name_ja": "ElementUI",
  "name_cn": "PC组件包-ElementPlus",
  "name_kr": "엘리멘트UI",
  "pluginType": "cellType,command",
  "locale": "Resources/locale.json",
  "guid": "2CCB2F02-D923-491E-94E4-72C9BD8C5ABE",
  "version": "10.0.3.0",
  "dependenceVersion": "10.0.2.0",
  "bundleJavaScript": false,
  "bundleCSS": true
}
