{
  "assembly": [
    "LoadingCommand.dll"
  ],
  "javascript": [
    "Resources\\LoadingCommand.js"
  ],
  "css": [],
  "image": "Resources\\PluginLogo.png",
  "description": "Support on and off loading animation.",
  "description_ja": "進捗インジケーター表示と非表示を行うコマンドです。",
  "description_cn": "支持打开与关闭加载动画。",
  "description_kr": "Support on and off loading animation.",
  "name": "LoadingAnimation",
  "name_cn": "加载动画",
  "name_ja": "進捗インジケーターコマンド",
  "name_kr": "LoadingAnimation",
  "pluginType": "command",
  "guid": "c963d9ed-5dd4-4c72-ad45-6b343f31dff1",
  "version": "6.0.4.0",
  "dependenceVersion": "6.0.0.0"
}