{
  "assembly": [
    "ImportExportCSV.dll"
  ],
  "javascript": [
    "Resources\\ImportExportCSV.js",
    "Resources\\PapaParse\\papaparse.js",
    "Resources\\RS.js"
  ],
  "css": [],
  "image": "Resources\\PluginLogo.png",
  "description": "Support import csv file data to listview and export listview data to csv file.",
  "description_cn": "支持导入CSV文件数据到表格中以及导出表格中的数据到CSV文件中。",
  "description_ja": "CSVファイルからリストビューへのデータのインポート、およびリストビューのデータをCSVファイルへと出力するコマンドです。",
  "description_kr": "ListView와 CSV 파일 간 데이터를 가져오기 및 내보내기 명령을 생성하실 수 있습니다.",
  "name": "ImportExportCSV",
  "name_cn": "导入导出CSV",
  "name_ja": "CSVインポート／エクスポートコマンド",
  "name_kr": "CSV 가져오기/내보내기",
  "pluginType": "command",
  "guid": "5b5baa93-aab4-4b60-a702-4d261c343fab",
  "version": "6.0.4.0",
  "dependenceVersion": "6.0.0.0"
}