{
  "assembly": [
    "TabManager.dll"
  ],
  "javascript": [
    "Resources/Event/Events.js",
    "Resources/Event/EventDispatcher.js",
    "Resources/UI/UserControl/UserControl.js",
    "Resources/UI/TabHead.js",
    "Resources/UI/TabMenu.js",
    "Resources/UI/TabContent.js",
    "Resources/UI/TabContainer.js",
    "Resources/StyleTemplate/CellTypeStyleTemplateHelper.js",
    "Resources/TabManager.js"
  ],
  "css": [
    "Resources/CSS/TabManager.css"
  ],
  "image": "Resources/PluginLogo.png",
  "description": "Open inner page or outer url in a tab.",
  "description_ja": "Open inner page or outer url in a tab.",
  "description_cn": "在标签页中打开内部页面或者外部URL。",
  "description_kr": "분류 라벨 형태의 탭 컨트롤을 이용해서 페이지 내에서 여러 페이지들을 사용할 수 있습니다.",
  "name": "Tab CellType and Open Tab Command",
  "name_ja": "Tab CellType and Open Tab Command",
  "name_kr": "분류 라벨 형태 탭 컨트롤",
  "name_cn": "标签页和打开标签命令",
  "pluginType": "cellType,command",
  "guid": "f4d61031-b4c0-435b-af6e-991d81290afd",
  "version": "6.0.102.0",
  "dependenceVersion": "6.0.100.0",
  "bundleJavaScript": true,
  "bundleCSS": true
}