﻿{
  "ReactNativeError": {
    "en": "Please use the ReactNative version of the Forguncy mobile client to execute this command.",
    "cn": "请使用ReactNative版本的手机客户端打开重试！",
    "ja": "Please use the ReactNative version of the Forguncy mobile client to execute this command.",
    "kr": "Please use the ReactNative version of the Forguncy mobile client to execute this command."
  },
  "Error_Width_Height": {
    "en": "Wrong width or height setting",
    "cn": "宽或高设置错误",
    "ja": "Wrong width or height setting",
    "kr": "Wrong width or height setting"
  },
  "Error_Resolution": {
    "en": "Resolution setting error",
    "cn": "分辨率设置错误",
    "ja": "Resolution setting error",
    "kr": "Resolution setting error"
  },
  "Error_Print_Number": {
    "en": "The number of print copies must be an integer",
    "cn": "打印份数需是整数",
    "ja": "The number of print copies must be an integer",
    "kr": "The number of print copies must be an integer"
  },
  "Error_Offset": {
    "en": "Offset distance is illegal",
    "cn": "偏移距离不合法",
    "ja": "Offset distance is illegal",
    "kr": "Offset distance is illegal"
  },
  "Error_Gap": {
    "en": "The gap distance is illegal",
    "cn": "间隙距离不合法",
    "ja": "The gap distance is illegal",
    "kr": "The gap distance is illegal"
  },
  "Error_Print_Copies": {
    "en": "The number of print copies cannot be less than 1 or greater than 65535",
    "cn": "打印份数不能小于1，或大于65535",
    "ja": "The number of print copies cannot be less than 1 or greater than 65535",
    "kr": "The number of print copies cannot be less than 1 or greater than 65535"
  }
}
