{
  "assembly": [
    "Gantt.dll"
  ],
  "javascript": [
    "Resources/robicch-jQueryGantt/libs/jquery/jquery.livequery.1.1.1.min.js",
    "Resources/robicch-jQueryGantt/libs/jquery/jquery.timers.js",
    "Resources/robicch-jQueryGantt/libs/utilities.js",
    "Resources/robicch-jQueryGantt/libs/forms.js",
    "Resources/robicch-jQueryGantt/libs/date.js",
    "Resources/robicch-jQueryGantt/libs/dialogs.js",
    "Resources/robicch-jQueryGantt/libs/layout.js",
    "Resources/robicch-jQueryGantt/libs/i18nJs.js",
    "Resources/robicch-jQueryGantt/libs/jquery/dateField/jquery.dateField.js",
    "Resources/robicch-jQueryGantt/libs/jquery/JST/jquery.JST.js",
    "Resources/robicch-jQueryGantt/libs/jquery/valueSlider/jquery.mb.slider.js",
    "Resources/robicch-jQueryGantt/libs/jquery/svg/jquery.svg.min.js",
    "Resources/robicch-jQueryGantt/libs/jquery/svg/jquery.svgdom.1.8.js",
    "Resources/robicch-jQueryGantt/ganttUtilities.js",
    "Resources/robicch-jQueryGantt/ganttTask.js",
    "Resources/robicch-jQueryGantt/ganttDrawerSVG.js",
    "Resources/robicch-jQueryGantt/ganttZoom.js",
    "Resources/robicch-jQueryGantt/ganttGridEditor.js",
    "Resources/robicch-jQueryGantt/ganttMaster.js",
    "Resources/robicch-jQueryGantt/gantt.js",
    "Resources/robicch-jQueryGantt/lang/zh-CN.js",
    "Resources/robicch-jQueryGantt/lang/en-US.js",
    "Resources/robicch-jQueryGantt/lang/ja.js",
    "Resources/Gantt.js"
  ],
  "css": [
    "Resources/robicch-jQueryGantt/platform.css",
    "Resources/robicch-jQueryGantt/libs/jquery/dateField/jquery.dateField.css",
    "Resources/robicch-jQueryGantt/libs/jquery/valueSlider/mb.slider.css",
    "Resources/robicch-jQueryGantt/gantt.css"
  ],
  "image": "Resources/PluginLogo.png",
  "description": "This is a plugin of gantt chart.",
  "description_cn": "甘特图插件。",
  "description_ja": "ガントチャートプラグイン。",
  "description_kr": "Gantt 차트를 사용할 수 있는 기능들을 제공하는 플러그인입니다.",
  "name": "Gantt",
  "name_cn": "甘特图",
  "name_ja": "ガント",
  "name_kr": "간트 차트",
  "pluginType": "cellType",
  "guid": "89239dbb-88da-41a5-9f94-f7cf89fff7d0",
  "version": "6.0.102.0",
  "dependenceVersion": "6.0.100.0",
  "bundleJavaScript": false,
  "bundleCSS": false
}