{
  "assembly": [
    "OpenDingTalkCommand.dll"
  ],
  "javascript": [],
  "css": [],
  "serverApiAssembly": [
    "OpenDingTalkCommand.dll"
  ],
  "image": "Resources\\PluginLogo.png",
  "description": "DingTalkLoginCommand",
  "name": "DingTalkLoginCommand",
  "description_cn": "钉钉扫码登录命令",
  "description_kr": "DingTalkLoginCommand",
  "name_cn": "钉钉扫码登录命令",
  "name_kr": "DingTalkLoginCommand",
  "pluginType": "command",
  "guid": "20A5B2CC-0429-4526-BC3A-B296C3778872",
  "version": "6.0.4.0",
  "dependenceVersion": "6.0.0.0"
}