{
  "assembly": [
    /*文件名及路径大小写必须严格匹配，否则Linux下提示找不到文件*/
    "WynIntegration.dll"
  ],
  "javascript": [
    /*文件名及路径大小写必须严格匹配，否则Linux下提示找不到文件*/
    "Resources/WynIntegrationCellType.js",
    "Resources/Wyn/bundle.js"
  ],
  "css": [],
  "serverApiAssembly": [
    "WynIntegration.Server.dll"
  ],
  "image": "Resources/PluginLogo.png",
  "description": "Integrating dashboards of Wyn",
  "description_cn": "集成WynEnterprise系统中的大屏",
  "name": "WynIntegration",
  "name_cn": "WynEnterprise集成",
  "pluginType": "cellType",
  "guid": "ba92dbae-4930-4b67-849f-cc17027a671c",
  "version": "9.0.2.0",
  "dependenceVersion": "9.0.2.0"
}