{
  "assembly": [
    "OpenWeChatCommand.dll"
  ],
  "javascript": [],
  "css": [],
  "serverApiAssembly": [
    "OpenWeChatCommand.dll"
  ],
  "image": "Resources\\PluginLogo.png",
  "description": "Scan wechat QRCode to login",
  "name": "Scan wechat QRCode to login",
  "description_cn": "微信扫码登录命令",
  "description_kr": "Scan wechat QRCode to login",
  "name_cn": "微信扫码登录命令",
  "name_kr": "Scan wechat QRCode to login",
  "pluginType": "command",
  "guid": "B6992995-E30F-4A78-A148-FA466D5D9C71",
  "version": "6.0.4.0",
  "dependenceVersion": "6.0.0.0"
}