{
  "assembly": [
    "Forguncy.CustomMenu.dll"
  ],
  "javascript": [
    "Resources/Utils/MenuStyleUtils.js",
    "Resources/MenuCellTypeBase.js",
    "Resources/ForguncyMenuCellType.js",
    "Resources/ForguncyTreeCellType.js",
    "Resources/ForguncyMobileMenuCellType.js",
    "Resources/ForguncyIconMenuCellType.js",
    "Resources/zTree/jquery.ztree.core.js"
  ],
  "css": [
    "Resources/forguncyPluginCustomMenuStyle.css",
    "Resources/zTree/forguncyPluginZTreeStyle.css"
  ],
  "image": "Resources/Images/Image.png",
  "description": "Custom MenuCellType and TreeCellType.",
  "name": "ForguncyCustomCellType",
  "description_ja": "メニューとツリービューが表示できるセル型です。",
  "name_ja": "メニュー／ツリービュー型セル",
  "name_kr": "사용자 메뉴 생성",
  "description_cn": "自定义菜单类型和树类型。",
  "description_kr": "사용자가 직접 만드는 메뉴입니다. 세로로는 트리 메뉴, 가로로는 바 형태로 만들 수 있습니다.",
  "name_cn": "自定义菜单类型和树类型",
  "pluginType": "cellType",
  "guid": "48d899dd-63ce-48c2-83d4-2fb281905171",
  "version": "6.0.102.0",
  "dependenceVersion": "6.0.100.0",
  "bundleJavaScript": true,
  "bundleCSS": true
}