﻿{
  "assembly": [
    "OdbcWrapper.dll"
  ],
  "javascript": [],
  "css": [],
  "image": "Resources/PluginLogo.png",
  "dBDisplayOrder": 6,
  "name": "Microsoft ODBC Data Source",
  "alias": "Odbc",
  "provider": ".NET Framework Data Provider for ODBC",
  "providerShort": "ODBC",
  "providerDesc": "Use this data provider to connect to an ODBC data source.",
  "description": "Use this selection to specify an ODBC user or system data source name to connect to an ODBC driver through the .NET Framework Data Provider for ODBC.",
  "name_cn": "Microsoft ODBC数据源",
  "alias_cn": "Odbc",
  "provider_cn": "用于ODBC的.NET Framework数据提供程序。",
  "providerShort_cn": "ODBC",
  "providerDesc_cn": "使用此数据提供程序连接到ODBC数据源。",
  "description_cn": "使用此选择指定一个 ODBC 用户名或系统数据源名称，通过用于 ODBC 的 .NET Framework数据提供程序连接到 ODBC 驱动程序。",
  "name_ja": "Microsoft ODBC データ ソース",
  "alias_ja": "Odbc",
  "provider_ja": ".NET Framework ODBC 用データ プロバイダー",
  "providerShort_ja": "ODBC",
  "providerDesc_ja": "ODBC データ　ソースに接続するには、このデータ プロバイダーを使用します。",
  "description_ja": ".NET Framework ODBC 用データ プロバイダーを通じて ODBC ドライバーに接続するために、ODBC のユーザーまたはシステム データ ソース名を指定するには、この選択を行います。ODBCデータソースでは、Forguncyが持つ一部の機能がサポートされていません。また、その接続先や使用するドライバーに依存して制限が存在します。",
  "name_kr": "Microsoft ODBC 데이터 소스",
  "alias_kr": "Odbc",
  "provider_kr": ".NET Framework Data Provider for ODBC",
  "providerShort_kr": "ODBC",
  "providerDesc_kr": ".NET Framework Data Provider for ODBC를 통해 ODBC 드라이버에 연결할 ODBC 사용자 또는 시스템 데이터 소스 이름을 지정하려면 선택하십시오.",
  "description_kr": "ODBC 데이터 소스에 연결하려면 이 데이터 공급자를 사용하십시오.",
  "pluginType": "database",
  "guid": "3abc35b0-dff8-45a1-82b7-a1261ab98b44",
  "version": "10.0.3.0",
  "dependenceVersion": "10.0.3.0"
}