{
  "assembly": [
    "SendDingTalkMessage.dll"
  ],
  "javascript": [
    "Resources/SendDingTalkMessage.js"
  ],
  "css": [],
  "serverApiAssembly": [
    "SendDingTalkMessage.dll"
  ],
  "image": "Resources/PluginLogo.png",
  "description": "This command can send DingTalk message.",
  "name": "SendDingTalkMessage",
  "description_cn": "该命令可以发送钉钉消息。",
  "description_kr": "(中國 限定) 딩톡 메신저로 메시지를 보낼 수 있습니다. 중국에서만 사용하실 수 있습니다.",
  "name_cn": "发送钉钉消息",
  "name_kr": "딩톡 메시지 보내기 (China only)",
  "pluginType": "command",
  "guid": "902ae385-6dbd-40e9-a0d6-a77b1e61f2a9",
  "version": "9.0.2.0",
  "dependenceVersion": "9.0.2.0",
  "bundleJavaScript": true,
  "bundleCSS": true
}