{
  "assembly": [
    "DetectOSInfoCommand.dll"
  ],
  "javascript": [],
  "css": [],
  "image": "Resources/PluginLogo.png",
  "description": "Detecting operating system information.",
  "description_cn": "检测系统信息。",
  "description_kr": "운영체제의 정보를 확인할 수 있도록 해 주는 플러그인입니다.",
  "name_kr": "운영체제 정보 확인 명령 플러그인",
  "name": "DetectOSInfoCommand",
  "name_cn": "系统信息检测命令",
  "pluginType": "command",
  "guid": "9eaaef42-71b8-0ec8-9306-68f2156f6d01",
  "version": "7.0.102.0",
  "dependenceVersion": "7.0.100.0"
}