{
  "assembly": [
    "WechatPay.dll"
  ],
  "javascript": [
    "Resources\\WechatJSAPIPay.js"
  ],
  "css": [],
  "serverApiAssembly": [],
  "image": "Resources\\PluginLogo.png",
  "description": "WechatPay",
  "name": "WechatPay",
  "description_cn": "微信支付",
  "description_kr": "WechatPay",
  "name_cn": "微信支付",
  "name_kr": "WechatPay",
  "pluginType": "command",
  "guid": "688D0BA2-4296-4C08-A82A-ED485DCB00A8",
  "version": "6.0.4.0",
  "dependenceVersion": "6.0.0.0"
}