{
  "assembly": [
    /*文件名及路径大小写必须严格匹配，否则Linux下提示找不到文件*/
    "SendWorkWeixinMessage.dll"
  ],
  "javascript": [
    /*文件名及路径大小写必须严格匹配，否则Linux下提示找不到文件*/],
  "css": [],
  "image": "Resources/PluginLogo.png",
  "description": "发送企业微信文字和卡片消息",
  "name": "SendWorkWeixinMessagePro",
  "name_cn": "发送企业微信消息Pro",
  "pluginType": "command",
  "guid": "5500c0ee-6f0e-4200-bb32-04622c68d32c",
  "version": "9.0.2.0",
  "dependenceVersion": "9.0.2.0"
}