{
  "assembly": [
    "Office365LoginCommand.dll"
  ],
  "javascript": [],
  "css": [],
  "serverApiAssembly": [
    "Office365LoginCommand.dll"
  ],
  "image": "Resources\\PluginLogo.png",
  "description": "Office365LoginCommand",
  "name": "Office365LoginCommand",
  "description_cn": "Office365 单点登录",
  "description_kr": "Office365LoginCommand",
  "name_cn": "Office365 单点登录",
  "name_kr": "Office365 单点登录",
  "pluginType": "command",
  "guid": "2EA5C7D1-B57A-497C-9618-B1A73BC500E5",
  "version": "6.0.4.0",
  "dependenceVersion": "6.0.0.0"
}