{
  "assembly": [
    /*文件名及路径大小写必须严格匹配，否则Linux下提示找不到文件*/
    "BluetoothPrinterCommand.dll"
  ],
  "javascript": [
    /*文件名及路径大小写必须严格匹配，否则Linux下提示找不到文件*/
    "Resources/BluetoothPrinterCommand.js",
    "Resources/html2canvas.min.js"
  ],
  "css": [],
  "image": "Resources/PluginLogo.png",
  "description": "please edit description here",
  "name": "BluetoothPrinterCommand",
  "pluginType": "command",
  "locale": "Resources/locale.json",
  "guid": "54a8fbc0-9d63-47f8-af57-fc3e92f28b70",
  "version": "10.0.2.0",
  "dependenceVersion": "10.0.2.0"
}